기간,01시,02시,03시,04시,05시,06시,07시,08시,09시,10시,11시,12시,13시,14시,15시,16시,17시,18시,19시,20시,21시,22시,23시,24시,최대,최소,가중평균
2020/05/13,66.07,66.07,66.07,61.23,66.01,65.66,66.07,67.19,84.48,84.48,84.48,80.41,61.88,77.28,81.47,83.97,83.97,83.97,83.97,84.48,84.48,82.49,84.48,83.87,84.48,61.23,76.95
2020/05/12,77.35,66.15,66.03,65.98,66.03,66.03,74.15,78.09,82.56,82.56,82.56,82.55,66.03,79.31,83.11,82.83,83.57,83.8,83.49,83.52,83.01,82.4,79.82,80.61,83.8,65.98,77.97
2020/05/11,74.16,66.73,59.38,59.38,61.99,62.65,77.86,83.13,84.06,84.06,84.06,84.48,80.65,83.55,83.97,83.97,87.99,87.99,87.99,89.92,86.13,86.13,83.8,83.33,89.92,59.38,80.44
2020/05/10,59.27,59.08,56.15,54.69,54.69,56.15,57.55,56.85,56.5,55.8,56.85,56.15,55.8,56.15,56.91,62.49,62.49,62.49,80.02,87.3,86.89,80.02,76.77,72.56,87.3,54.69,64.09
2020/05/09,81.7,80.53,73.21,73.21,73.22,73.22,73.22,73.2,66.8,61.13,61.78,61.78,56.95,60.48,65.36,67.16,66.8,66.8,75.35,81.94,81.94,80.19,80.19,81.94,81.94,56.95,71.89
2020/05/08,78.92,73.58,65.96,65.96,65.96,73.87,78.46,82.98,85.06,84.03,82.63,85.04,60.53,77.9,79.25,80.15,82.95,83.62,83.62,83.65,83.65,83.56,83.39,84.02,85.06,60.53,79.01
2020/05/07,77.94,65.97,65.97,65.95,65.97,82.93,81.19,78.46,84.8,84.8,82.2,81.89,61.39,73.97,78.83,78.94,81.41,83.49,83.49,83.53,83.59,82.95,80.68,80.73,84.8,61.39,78.25
2020/05/06,63.75,57.26,57,55.53,66.52,63.59,67.62,66.64,75.61,75.61,75.61,75.54,58.69,66.27,77.46,77.49,81.53,83.51,83.63,83.65,83.51,82.69,77.99,80.59,83.65,55.53,73.09
2020/05/05,64.58,63.28,60.69,56.8,60.69,62.64,61.99,64.58,62.64,62.64,62.64,64.58,56.62,64.58,61.34,62.64,64.58,80.54,80.54,80.59,80.64,80.54,74.25,64.09,80.64,56.62,66.94
2020/05/04,67.27,57.31,57.11,57.11,57.11,68.25,67.3,67.3,75.28,75.28,75.28,75.24,61.9,74.33,74.43,74.43,78.77,78.77,80.01,84.44,80.01,78.44,77.16,77.16,84.44,57.11,72.19
2020/05/03,68.96,58.73,58.73,58.73,58.73,58.73,58.73,58.73,57.18,54.71,57.04,55.4,54.71,54.71,55.4,57.18,58.73,58.73,74.04,76.74,81.83,76.74,76.74,80.37,81.83,54.71,63.38
2020/05/02,59,58.29,57.49,56.79,57.14,57.85,59,57.49,54.99,54.19,54.19,53.78,53.38,53.78,54.19,54.99,57.49,62.7,62.7,78.37,78.42,78.35,78.36,62.7,78.42,53.38,61.14
2020/05/01,59.11,59.11,58.59,58.59,58.87,59.11,61.03,59.11,57.32,56.99,61.01,59.02,57.14,58.82,57.14,59.05,59.54,74.94,74.95,82.9,82.04,78.43,78.43,74.6,82.9,56.99,64.79
2020/04/30,69.41,68.02,64.75,65.16,66.62,64.75,68.02,68.72,69.41,56.8,67.59,65.92,56.64,66.55,67.64,67.64,69.41,77.52,75.75,80.2,80.2,80.2,79.76,76.34,80.2,56.64,69.85
2020/04/29,68.96,66.35,57.25,57.26,59.45,66.35,68.96,68.96,81.08,68.96,68.96,68.96,57.02,66.83,68.96,68.96,74.54,78.94,79.08,81.03,79.74,77.01,76.07,77.03,81.08,57.02,70.59
2020/04/28,68.46,68.46,68.46,68.46,68.46,68.46,68.46,74.96,81.08,79.33,78.18,74.24,68.42,68.46,68.46,68.46,76.12,78.85,79.03,79.36,79.59,76.27,75.83,76.27,81.08,68.42,73.61
2020/04/27,56.45,54.39,52.73,52.84,53.17,56.45,77.27,67.4,79.08,79.08,80.64,79.07,74.35,77.84,78.74,79.02,79.96,79.92,80.07,80.07,80.07,78.63,75.08,80.64,80.64,52.73,73.15
2020/04/26,60.61,55.95,54.13,53.54,54.13,55.29,55.97,54.31,53.42,52.81,54.13,54.13,54.13,55.26,55.9,56.72,62.81,64.04,64.62,65.14,65.02,65.12,64.81,64.37,65.14,52.81,58.44
2020/04/25,73.62,64.78,63.91,58.98,63.46,65.4,66.78,66.73,63.2,56.42,56.37,56.15,52.19,52.98,52.98,53.82,56.42,57.25,65.26,65.77,65.81,65.51,65.51,65.51,73.62,52.19,61.71
2020/04/24,75.24,68.32,68.32,68.32,68.32,68.32,79.08,79.22,80.64,80.64,80.46,80.1,70.33,79.69,79.69,79.69,80.64,80.27,80.64,80.64,80.64,80.64,79.46,80.64,80.64,68.32,77.34
2020/04/23,79.57,78.3,68.32,68.32,68.32,80.01,80.64,80.47,82.01,80.84,80.59,80.58,73.91,80.64,79.37,80.64,80.36,80.37,80.51,81.08,80.52,80.52,79.55,80.64,82.01,68.32,78.78
2020/04/22,78.63,80.64,73.6,68.32,74.43,80.59,80.64,81.32,81.14,81.14,81.14,80.61,78.95,80.64,79.58,79.36,80.64,80.64,79.53,80.64,79.36,80.64,79.72,80.64,81.32,68.32,79.4
2020/04/21,78.92,78.2,74.77,68.32,75.57,78.08,79.67,82.34,82.28,82.22,82.22,80.81,79.59,79.78,79.78,79.86,80.68,80.69,80.61,80.78,80.45,79.51,79.44,79.48,82.34,68.32,79.5
2020/04/20,78.84,62.2,62.2,63.25,68.69,68.46,73.7,80.72,81.08,81.08,80.84,80.83,74,79.47,79.47,81.08,81.67,83,83.7,82.41,82.41,82.41,80.84,81.08,83.7,62.2,77.89
2020/04/19,76.7,64.88,63.2,62.6,63.02,65.34,65.82,66.29,56.06,53.2,54.42,53.2,53.2,53.2,54.88,56.35,63.66,78.06,78.35,78.78,78.78,78.78,78.78,78.69,78.78,53.2,66.44
2020/04/18,80.55,78.02,80.11,76.22,77.38,80.55,80.55,80.55,80.55,75.15,75.6,73.57,68.69,68.69,80.55,74.67,79.18,77.46,80.55,80.55,80.55,80.22,80.2,80.55,80.55,68.69,78.01
2020/04/17,80.64,79.91,78.97,76.56,78.96,79.64,81.34,81.41,82.01,81.97,81.91,80.63,76.57,80.64,79.55,84.44,82.4,82.92,82.92,82.93,82.93,82.09,82.14,82.14,84.44,76.56,81.15
2020/04/16,81.08,79.32,68.32,68.32,68.32,81.08,78.86,81.08,81.08,81.08,81.08,80.56,76.93,80.79,80.64,81.08,81.08,81.08,80.64,81.08,81.08,81.03,80.75,80.85,81.08,68.32,79.25
2020/04/15,77.82,77.73,78.74,74.96,74.96,74.99,80.24,76.04,78.78,79.42,79.56,80.24,78,79.42,79.6,79.75,79.8,79.96,80.06,80.26,80.41,79.43,79.43,79.03,80.41,74.96,78.76
2020/04/14,79.1,77.38,75,67.61,74.69,78.74,80.46,80.67,80.81,80.81,80.81,80.81,77.1,80.64,80.64,79.71,80.49,80.49,80.49,80.64,80.5,80.55,80.08,80.29,80.81,67.61,79.23
2020/04/13,68.05,68.05,63.9,57.66,67.01,68.05,75.47,80.8,81.23,81.23,81.23,81.23,73.93,79.41,79.41,79.58,81.49,82.87,83.57,83.57,83.57,82.25,80.36,80.36,83.57,57.66,77.51
2020/04/12,65.31,63.63,63.02,57.87,62.9,63.37,63.37,59.64,55.01,52.57,53.18,51.95,50.87,50.87,51.95,53.18,56.44,63.53,65.15,80.24,79.37,79.95,80.24,80.24,80.24,50.87,63.37
2020/04/11,75.48,74.19,74.19,74.19,74.19,74.19,77.77,74.16,77.38,68.25,68.25,68.25,66.15,66.15,66.3,67.2,68.25,68.25,75.27,76.71,76.73,75.84,76.89,76.95,77.77,66.15,72.62
2020/04/10,78.74,78.74,67.61,67.61,67.61,78.74,80.47,80.47,81.08,80.59,80.59,80.59,67.61,75.67,78.15,79.46,80.21,81.02,81.12,81.27,81.42,80.68,79.88,79.92,81.42,67.61,78.1
2020/04/09,79.42,78.74,67.61,67.61,67.61,78.67,80.4,80.76,81.08,86.45,80.7,80.59,67.61,82.88,78.84,79.23,80.26,80.71,80.71,81.08,80.71,79.96,79.96,80.02,86.45,67.61,78.62
2020/04/08,79.14,77.84,67.61,67.61,74.84,80.27,80.5,81.17,81.08,85.94,80.71,80.71,67.61,75.09,78.31,79.08,80.71,80.71,80.71,81.08,80.65,79.96,79.96,81.08,85.94,67.61,78.63
2020/04/07,79.13,77.65,67.65,67.65,78.74,80.05,80.93,80.72,81.03,80.81,80.8,80.81,66.61,72.5,77.47,78.74,80.26,80.64,80.64,80.64,80.68,80.9,80.42,80.43,81.03,66.61,78.33
2020/04/06,68.21,66.12,57.19,57.19,68.21,68.21,73.04,81.47,82.36,82.36,81.42,81.16,68.21,75.72,80.64,79.41,80.78,81.83,82.47,82.47,82.47,80.64,79.9,79.95,82.47,57.19,76.6
2020/04/05,66.95,65.69,64.93,57.76,57.65,68.21,68.23,68.13,55.38,53.61,54,53.61,51.82,51.82,52.43,55.38,57.59,63.74,75.28,76.42,76.42,76.42,76.42,75.95,76.42,51.82,64.13
2020/04/04,74.32,66.23,66.23,66.23,66.23,66.23,66.23,66.23,66.23,66.23,66.23,66.23,57.22,57.52,64.44,64.44,66.23,66.23,66.23,66.23,75.36,75.36,75.36,75.39,75.39,57.22,67.27
2020/04/03,80.64,67.61,67.61,67.61,67.61,79.13,79.72,80.64,80.79,80.79,80.79,80.78,76.84,79.32,79.32,80.25,80.64,80.41,80.64,80.64,80.64,80.42,80.64,79.96,80.79,67.61,78.31
2020/04/02,78.51,75.84,67.61,67.61,67.61,76.91,78.78,80.68,80.64,80.54,80.54,86.87,75.91,79.29,79.35,79.35,80.67,80.67,80.67,80.84,80.42,79.82,79.91,80.37,86.87,67.61,78.54
2020/04/01,81.08,68.88,68.88,67.84,68.88,68.88,78.2,81.08,81.08,81.08,80.59,80.59,77.39,80.74,79.47,81.08,81.08,80.26,81.08,81.08,81.08,81.08,79.64,80.69,81.08,67.84,78.26
2020/03/31,81.79,80.44,80.6,80.45,80.59,80.73,80.8,84.47,85.93,85.93,85.93,85.61,87.25,87.25,82.92,82.92,83.7,83.7,84.18,84.66,82.83,82.02,82.02,82.02,87.25,80.44,83.41
2020/03/30,80.09,76.56,74.87,74.87,76.56,80.28,81.22,84.02,86.64,86.64,84.29,85.85,81.22,82.28,82.28,83.01,85.95,85.84,85.84,86.62,85.7,83.75,83.28,83.28,86.64,74.87,82.92
2020/03/29,82.48,82.54,82.38,78.93,79.22,81.52,81.52,81.52,78.66,77.86,77.84,76.48,76.77,76.39,76.81,79.24,81.59,82.1,82.07,83.57,82.09,81.9,80.92,81.02,83.57,76.39,80.3
2020/03/28,82.82,82.93,82.18,80.97,80.97,81.16,82.36,82.18,81.65,81.65,82.18,79.57,78.99,79.53,82.18,82.18,81.1,82.18,82.18,82.18,81.65,81.66,82.18,82,82.93,78.99,81.63
2020/03/27,82.28,82.28,80.24,80.06,80.25,82.28,84.9,84.2,90.35,86.62,86.31,86.23,80.01,82.28,82.28,82.28,85.44,85.44,86.53,87.3,85.88,85.79,82.68,82.74,90.35,80.01,84.08
2020/03/26,80.61,82.28,80.53,80.53,81.74,83.63,83.85,84.55,87.7,86.61,85.54,82.89,78.69,82.28,80.9,80.9,86.3,86.4,86.85,87.8,84.41,82.84,83.28,83.28,87.8,78.69,83.63
2020/03/25,82.12,82.12,82.12,80.6,82.28,80.64,82.15,84.1,84.1,84.09,84.09,83.41,79.89,80.82,80.87,81.79,83.87,84.25,84.26,84.35,84.26,82.97,83.08,83.43,84.35,79.89,82.8
2020/03/24,82.28,81.26,80.44,80.44,81.81,82.28,83.97,85.44,87.33,86.25,85.87,83.49,79.32,80.81,81.79,81.79,85.5,85.5,86.89,87.77,84.21,83.28,83.52,83.64,87.77,79.32,83.66
2020/03/23,82.81,78.99,75.03,75.03,79.17,82.81,81.03,84.95,86.87,86.65,87.71,87.5,81.07,82.72,84.34,84.34,85.8,86.12,86.12,86.12,85.26,83.7,82.78,82.78,87.71,75.03,83.65
2020/03/22,83.5,83.5,82.81,79.17,81.33,82.4,82.4,79.26,81.13,82.91,82.87,76.21,75.74,75.74,83.01,77.15,79.8,82.81,81.36,82.4,82.4,81.38,82.4,84.52,84.52,75.74,81.15
2020/03/21,83.34,83.34,81.06,81.06,81.06,81.06,82.71,82.71,80.8,82.71,80.39,82.71,79.72,79.74,79.74,80.75,82.71,81.21,81.83,82.71,81.81,81.57,82.71,82.71,83.34,79.72,81.69
2020/03/20,81.94,81.24,80.24,80.19,80.26,81.96,83.92,85.81,86.66,86.6,87.48,85.56,81.17,81.11,84.32,84.49,85.28,85.29,85.29,85.3,84.29,83.18,83.18,83.36,87.48,80.19,83.8
2020/03/19,81.92,81.92,80.26,79.87,80.26,80.6,82.92,84.77,87.46,86.4,86.4,85.22,82.46,82.48,84.17,84.68,85.21,85.21,87.88,85.22,84.05,82.78,82.78,82.78,87.88,79.87,83.79
2020/03/18,82.14,80.79,80.47,80.46,80.54,83.52,81.87,83.92,84.01,83.92,87.34,83.23,79.89,80.74,81.04,81.35,83.82,84.21,84.22,84.29,84.22,81.71,81.76,83.14,87.34,79.89,82.68
2020/03/17,81.94,80.61,80.23,80.16,80.17,80.21,83.9,83.9,87.52,86.75,84.92,86.02,81.18,81.08,81.28,84.67,84.14,84.14,84.15,84.15,83.11,83.08,83.08,83.08,87.52,80.16,83.16
2020/03/16,80.62,79.63,78.7,77.58,78.7,80.47,82.35,85.07,85.43,85.43,85.43,85.37,81.69,83.52,84.54,84.64,86.88,86.97,85.88,84.59,83.01,83.01,83.01,83.01,86.97,77.58,83.41
2020/03/15,84.02,84.02,80.28,80.28,80.28,80.64,80.64,80.64,79.84,79.74,79.74,79.12,79.08,78.86,79.02,79.07,79.89,81.04,81.4,82.2,82.2,82.2,82.2,82.2,84.02,78.86,80.81
2020/03/14,88.35,82.98,82.12,81.62,81.62,81.67,82.2,83.11,83.03,82.27,82.91,82.83,81.42,81.42,81.36,81.36,81.42,82.28,82.69,82.74,82.78,82.29,82.81,83.19,88.35,81.36,82.54
2020/03/13,82.17,81.73,80.11,80.08,80.09,80.94,82.46,88.14,88.14,88.14,88.04,85.08,82.35,82.35,84.73,84.73,85.45,86.5,86.56,86.6,86.63,82.77,82.89,86.71,88.14,80.08,84.47
2020/03/12,83.11,81.44,80.26,80.3,80.3,81.99,82.57,83.61,86.49,86.35,86.31,85.75,82.5,84.58,85.12,85.12,86.05,86.02,86.07,85.56,84.28,82.5,82.5,82.5,86.49,80.26,83.95
2020/03/11,82.15,81.39,80.25,79.95,80.23,80.85,83.41,87.86,89.77,88.97,88.97,85.81,81.68,82.46,82.46,82.46,85.83,85.74,86.35,86.4,85.74,84.19,84.21,84.24,89.77,79.95,84.4
2020/03/10,82.3,80.69,80.69,80.2,80.69,80.81,83.98,85.5,86.72,86.74,85.76,85.76,81.78,82.45,84.58,84.21,85.5,87.96,86.05,86.06,86.06,85.41,83.15,83.15,87.96,80.2,84.14
2020/03/09,83.86,79.7,78.43,78.18,79.68,82.78,82.78,84.88,85.77,85.77,85.77,85.57,82.18,83.05,83.05,83.05,86.24,86.24,84.97,86.27,83.49,82.68,80.88,82.68,86.27,78.18,83.43
2020/03/08,83.9,83.58,82.9,78.98,80.84,82.94,82.94,82.79,82.37,78.84,81.87,78.84,78.59,78.78,78.83,81.87,81.87,80.84,82.22,82.22,82.22,81.75,82.22,81.87,83.9,78.59,81.45
2020/03/07,83.08,83.13,83.13,81.74,81.74,81.74,82.68,82.68,82.68,81.73,81.73,81.13,80.13,80.13,80.09,80.13,81.93,81.99,82.26,82.26,82.26,82.26,82.29,82.68,83.13,80.09,81.91
2020/03/06,82.78,80.06,81.93,80.08,82.78,82.29,82.2,85.03,86.9,86.85,86.72,85.45,82.4,83.86,84.38,85.1,85.74,85.74,85.75,85.75,84.4,82.78,82.82,82.88,86.9,80.06,84.08
2020/03/05,103.6,103.6,82.28,79.79,80.65,80.57,81.97,83.2,86.19,86.16,86.09,85.72,82.47,84.23,84.74,84.73,84.73,84.74,84.74,84.76,82.6,82.28,82.28,82.78,103.6,79.79,85.17
2020/03/04,82.95,82.78,81.7,80.06,82.78,80.5,82.78,85.9,86.23,86.23,86.23,86.23,83.84,84.99,84.99,84.99,85.04,84.41,84.39,83.97,82.44,82.78,82.33,82.78,86.23,80.06,83.92
2020/03/03,81.34,82.03,82.78,79.78,80.18,80.89,81.25,83.13,85.97,85.96,85.96,85.96,82.69,85.65,85.65,85.65,85.65,84.49,84.26,82.78,82.78,82.35,82.4,82.78,85.97,79.78,83.57
2020/03/02,83.69,82.66,74.85,74.85,76.43,80.4,80.29,84.1,86.97,86.97,86.96,85.75,81.87,83.93,84.54,85.65,85.65,85.65,85.86,85.24,82.97,82.78,82.04,82.78,86.97,74.85,83.36
2020/03/01,82.48,78.66,80.29,78.66,78.66,78.66,80.29,80.29,80.29,80.29,75,74.15,71.6,71.6,74.15,81.87,77.16,81.63,81.87,81.87,81.87,80.58,80.6,81.66,82.48,71.6,79.01
2020/02/29,78.61,78.61,78.99,77.08,77.22,79.14,81.04,78.99,79.69,78.36,80.55,78.76,75.49,76.97,76.68,76.69,78.07,80.55,78.99,80.55,80.55,79.03,79.3,81.53,81.53,75.49,78.83
2020/02/28,80.86,78,77.58,77.16,77.58,80.14,81.38,83.29,85.36,86.3,85.22,83.59,80.74,81.72,81.76,81.76,82.92,82.92,82.92,82.92,81.02,81.05,80.53,81.05,86.3,77.16,81.74
2020/02/27,79.45,81.05,80.76,77.54,79.98,80.86,81.41,81.29,85.88,85.69,85.59,85.31,80.86,82.62,82.62,83.05,83.48,83.48,82.55,81.58,81.58,81.48,79.8,81.58,85.88,77.54,82.21
2020/02/26,80.29,81.97,78.42,78.17,78.18,78.43,82.11,82.91,83.36,83.36,83.35,83.34,79.96,80.94,80.94,82.3,82.46,82.46,82.46,82.46,81.82,81.88,81.13,81.13,83.36,78.17,81.49
2020/02/25,80.23,80.16,81.05,78,81.05,81.11,85.28,85.28,85.18,85.18,84.52,84.54,80.7,80.71,82.27,82.71,83.53,83.53,83.53,83.54,81.68,81.05,80.68,81.05,85.28,78,82.46
2020/02/24,81.2,81.2,79.92,76.58,76.58,80.57,79.05,82.47,84.05,84.26,84.26,83.67,81.72,82.66,82.66,82.99,82.99,82.99,83.11,81.87,81.69,80.95,80.95,80.95,84.26,76.58,81.82
2020/02/23,77.34,77.36,76.73,75.94,76.09,78.4,78.95,81,78.95,76.96,78.95,78.96,74.51,75.25,75.47,76.55,77.11,78.57,79.58,79.19,79.19,79.19,79.9,79.9,81,74.51,77.96
2020/02/22,79.85,81.04,81.04,77.92,78.13,81.59,81.63,81.62,81.62,81.5,81.45,77.96,75.94,77.97,78.55,81.04,80.04,81.29,82.24,82.24,81.41,80.05,80.05,82.29,82.29,75.94,80.38
2020/02/21,81.01,80.38,80.14,80.14,80.14,80.23,81.75,84.01,84.13,84.12,84.02,83.48,79.8,81.46,81.69,83.01,83.02,83.02,83.05,82.96,81.56,80.66,80.66,80.66,84.13,79.8,81.96
2020/02/20,81.05,80.02,80.02,80.02,80.07,81.05,81.33,85.85,85.65,85.46,85.27,84.32,80.65,81.4,81.82,81.96,82.2,82.21,82.21,81.9,80.9,81.16,80.98,81.17,85.85,80.02,82.12
2020/02/19,81.39,78.08,82.17,77.49,83.17,83.17,80.85,82.31,83.38,83.37,83.37,83.37,80.04,80.8,82.85,83.17,83.17,81.98,83.17,83.09,80.81,80.91,80.59,83.17,83.38,77.49,81.98
2020/02/18,81.09,80.76,78.07,77.41,78.09,81,80.4,83.15,85.5,86.57,86.57,84.12,80.37,81.34,82.2,82.19,84.45,83.17,83.13,82.64,81.51,81.09,80.56,83.17,86.57,77.41,82.2
2020/02/17,80.32,76.87,76.83,75.26,76.83,83.17,80.47,84.14,85.6,86.32,84.17,83.55,80.43,83.17,83.17,82.86,83.17,83.17,83.17,83.14,83.17,82.31,80.46,83.17,86.32,75.26,82.13
2020/02/16,81.6,80.89,80.21,78.32,79.35,78.95,79.78,78.95,77.37,76.66,76.31,76.19,74.43,74.43,74.43,79.25,77.19,78.95,79.43,79.43,79.43,79.43,79.43,79.43,81.6,74.43,78.41
2020/02/15,79.25,78.49,78.99,77.13,77.13,77.15,80.52,80.46,80.46,80.4,79.81,79.81,76.46,75.83,76.79,77.34,81.86,81.92,81.98,82.09,79.89,79.95,80,80.42,82.09,75.83,79.39
2020/02/14,79.39,80.13,78.34,78.2,78.2,79.42,81.07,83.96,84.3,85.24,84.66,84.43,80.9,82.9,83.43,82.96,83.41,83.44,82.96,81.74,80.9,81.05,81.05,81.05,85.24,78.2,81.96
2020/02/13,81.05,81.05,80.24,78.88,81.05,81.05,82.46,85.69,85.69,85.59,85.5,84.32,80.65,82.63,82.62,82.69,83.42,83.42,83.42,83.42,81.62,81.52,80.67,81.05,85.69,78.88,82.6
2020/02/12,81.05,80.09,81.05,80.09,80.09,81.05,81.4,84.73,84.79,84.79,84.73,84.68,81.75,82.95,85.77,85.77,85.77,85.86,84.07,84.07,82.31,81.31,80.88,81.35,85.86,80.09,83.06
2020/02/11,81.05,81.05,79.41,79.34,79.39,79.41,81.69,84.34,84.74,84.74,84.04,83.63,80.6,82.62,83.79,83.98,83.98,83.98,83.98,83.46,81.93,81.48,80.91,81.05,84.74,79.34,82.39
2020/02/10,83.43,83.43,78.97,77.08,80.91,78.53,79.77,83.48,85.31,85.31,85.31,85.31,82.82,82.96,84.66,84.66,84.66,84.66,83.9,83.9,82.68,81.74,80.96,81.46,85.31,77.08,82.95
2020/02/09,82.94,84.19,83.37,76.71,76.76,79.76,79.76,79.76,79.47,78.95,79.7,85.11,78.77,79.11,74.88,79.01,78.59,78.66,80.32,81.03,80.42,80.42,80.42,81.03,85.11,74.88,80
2020/02/08,80.75,81.28,81.28,79.02,79.04,80.31,81.39,82.01,82.65,82.65,82.28,81.91,77.42,77.87,81.28,80.34,81.22,82.01,82.04,82.04,81.28,80.42,81.28,81.28,82.65,77.42,80.99
2020/02/07,81.3,81.3,80.13,79.2,79.22,80.45,81.29,83.9,86.82,86.81,86.55,85.08,81.41,82.69,82.68,82.67,83.82,83.82,83.82,83.82,82.47,81.45,80.92,81.5,86.82,79.2,82.78
2020/02/06,80.67,83.17,79.61,79.61,79.66,81.31,81.35,85.51,85.51,85.49,85.48,85.48,82.66,82.85,83.17,83.67,85.25,85.35,85.44,85.44,83.17,82.12,81.89,84.93,85.51,79.61,83.43
2020/02/05,80.67,79.84,80.57,77.73,79.32,80.74,85.29,85.38,85.61,85.61,85.61,85.28,82.65,83.3,83.48,84.58,84.58,84.58,84.58,83.83,83.3,83.17,81.89,83.17,85.61,77.73,83.28
2020/02/04,80.57,80.57,79.55,77.43,78.14,78.47,80.12,84.25,98.26,98.27,84.32,82.81,80.43,82.78,82.78,82.78,83.18,83.21,83.24,82.49,82.36,81.29,80.44,81.09,98.27,77.43,83.16
2020/02/03,77.66,76.73,75.37,75.37,75.37,80.57,79.17,83.13,86.34,86.34,86.34,85.37,82.65,83.06,83.73,84.65,84.65,84.65,84.65,83.23,82.32,81.46,80.55,81,86.34,75.37,82.29
2020/02/02,79.76,79.76,79.76,75.92,76.11,79.54,78.77,78.95,80.51,78.81,79.35,77.23,74.43,75.3,78.95,80.51,80.51,80.51,80.46,80.54,80.54,80.26,80.54,80.54,80.54,74.43,79.13
2020/02/01,79.4,78.99,77.45,79.1,77.42,81.34,81.34,81.34,81.1,80.93,80.92,80.92,82.33,83.06,78.95,77.37,81.03,81.13,81.36,81.59,81.59,79.57,79.63,81.03,83.06,77.37,80.38
2020/01/31,82.6,81.87,80.13,79.89,80.13,82.82,82.82,87.67,87.93,90.56,87.85,87.6,84.8,86.4,86.4,86.82,86.82,86.82,86.82,84.96,84.29,84.12,83.38,83.39,90.56,79.89,85.11
2020/01/30,83.1,82.48,82.6,82.06,82.6,83.07,83.69,88.16,88.55,89.98,88.12,88.21,84.87,86.71,86.71,87.56,87.58,87.58,87.59,87.59,85.09,84.2,84.03,84.22,89.98,82.06,85.85
2020/01/29,83.24,82.12,82.6,82.09,82.6,83.18,83.69,88.2,89.2,89.2,87.97,88.18,84.88,86.61,86.61,87.78,87.88,87.88,87.98,86.89,85.11,84.18,84.04,84.19,89.2,82.09,85.85
2020/01/28,80.52,80,78.85,77.35,78.89,80.31,81.16,82.65,87.53,87.53,87.53,87.7,85.06,85.75,85.75,85.75,85.75,85.75,85.46,85.46,84.25,83.32,83.32,83.32,87.7,77.35,84.06
2020/01/27,82.23,82.01,78.9,72.64,75.64,79.91,79.07,79.07,79.04,78.95,81.12,80.95,78.39,80.95,81.35,80.95,80.95,80.29,80.95,82.48,80.95,80.85,85.05,85.05,85.05,72.64,80.42
2020/01/26,82,78.85,78.25,72.95,72.95,73,73,72.96,72.97,72.64,72.64,72.64,72.64,72.64,72.64,72.64,76.03,79.41,80.59,80.59,80.59,83.61,83.61,83.61,83.61,72.64,76.6
2020/01/25,81.94,81.89,79.71,78.08,78.08,78.08,78.08,78.08,72.18,65.08,58.35,56.59,55.55,56.59,56.8,59.1,65.51,69.87,76.88,80.3,79.72,80.95,89.32,89.42,89.42,55.55,73.55
2020/01/24,83.61,83.61,83.4,81.41,79.86,79.55,79.61,78.61,78.11,75.83,75.5,72.64,72.64,72.64,72.64,72.75,76.17,80.8,79.8,79.83,79.84,79.93,82.22,82.22,83.61,72.64,78.66
2020/01/23,85.66,85.34,83.7,81.95,82.01,83.26,83.26,85.7,87.44,89.35,89.34,87.43,84.85,84.84,84.84,83.62,83.62,83.62,83.58,83.63,82.6,82.55,82.78,83.63,89.35,81.95,84.65
2020/01/22,83.42,82.43,82.05,82.01,82.05,82.6,83.71,88.32,88.76,89.06,88.31,88.32,84.86,86.59,86.59,87.5,87.5,87.5,87.5,86.8,84.87,84.08,84.08,84.26,89.06,82.01,85.72
2020/01/21,83.59,82.99,83.25,81.96,81.97,82.68,84.01,88.23,89.88,89.95,88.56,88.3,84.82,86.87,86.86,87.5,87.62,87.62,87.67,87.67,84.98,84.39,84.12,84.41,89.95,81.96,86.01
2020/01/20,83.46,81.6,79.81,79.38,79.81,81.11,83.42,84.07,88.43,88.47,88.47,88.39,87,88.17,88.33,87.58,88.33,88.33,88.16,87.5,86.93,84.76,84.76,84.76,88.47,79.38,85.82
2020/01/19,85,84.92,84.84,79.58,79.53,82.47,83.41,83.3,83.24,81.6,81.8,79.64,79.2,79.23,81.1,79.86,81.14,82.82,84.07,84.07,83.64,82.4,83.6,84.07,85,79.2,82.35
2020/01/18,83.59,83.17,82.62,82.94,82.94,83.72,84.48,84.51,84.51,84.51,84.51,84.51,81.22,82.58,83.26,83.52,84.62,84.63,84.63,84.63,84.53,83.88,83.89,83.89,84.63,81.22,83.82
2020/01/17,84.04,82.93,82.13,81.95,81.95,83.19,84.03,88.23,89.88,90.03,88.18,88.5,86.83,86.84,88.27,88.22,88.27,88.29,88.13,88.13,86.83,84.83,84.83,84.83,90.03,81.95,86.41
2020/01/16,84.27,82.91,82.6,81.95,81.95,83.03,83.99,88.72,89.56,89.73,89.13,89.11,87.02,88.32,88.32,88.29,88.32,88.32,88.28,88.28,86.76,85.4,84.7,84.7,89.73,81.95,86.62
2020/01/15,83.55,83.27,81.94,81.94,81.94,83.14,83.95,88.65,88.65,88.65,88.21,88.42,86.71,87.36,87.36,88.01,88.13,88.13,88.13,87.58,86.72,84.72,84.72,84.72,88.65,81.94,86.21
2020/01/14,83.54,83.36,81.97,81.94,81.97,83.34,83.97,88.72,89.48,89.48,88.72,89.38,87.03,88.31,88.31,88.31,88.31,88.31,87.76,87.48,86.73,84.72,84.72,84.72,89.48,81.94,86.48
2020/01/13,82.93,82.45,79.38,78.93,79.4,81.21,82.41,84.02,88.66,88.66,88.66,88.49,87.77,88.11,88.75,88.59,88.63,88.59,87.03,86.48,84.7,84.02,83.98,84.31,88.75,78.93,85.7
2020/01/12,84.78,84.52,80.24,80.24,80.24,82.72,83.22,83.17,83.12,82.96,82.58,81.71,79.16,79.63,82.1,81.58,81.94,83.61,83.75,83.75,83.11,82.92,82.92,82.92,84.78,79.16,82.42
2020/01/11,83.76,82.63,82.58,81.22,81.22,82.93,84.36,84.55,84.54,84.54,84.54,84.08,79.37,81.18,81.18,83.33,83.99,84.34,84.35,84.35,85.01,83.54,83.59,85.15,85.15,79.37,83.39
2020/01/10,83.28,82.6,81.25,81.23,82.97,82.97,82.97,84.41,88.3,88.36,88.3,88.19,87.11,88.08,88.08,88.05,88.08,87.29,86.7,86.7,84.36,84.12,84,84.2,88.36,81.23,85.72
2020/01/09,83.25,87.18,87.18,81.24,81.92,81.92,83.24,84.09,88.66,88.66,88.52,88.3,86.68,88.22,89.47,89.22,89.47,87.51,86.49,85.56,84.08,83.67,82.91,83.75,89.47,81.24,86.1
2020/01/08,83.41,82.6,82.55,81.5,82.09,82.6,87.75,89.87,89.95,90.57,88.66,88.78,85.02,86.71,87.58,87.58,90.5,87.58,86.83,85.97,84.22,84.11,84.07,84.12,90.57,81.5,86.24
2020/01/07,83.4,82.6,82.6,82.09,82.6,82.31,84.57,88.55,88.94,88.94,88.23,88.23,84.99,86.72,86.76,87.52,87.7,87.7,87.7,87.44,84.63,84.18,84,84.45,88.94,82.09,85.88
2020/01/06,82.3,80.31,78.87,77.92,79,82.1,81.22,87.88,89.7,89.7,88.16,87.93,86.8,87.5,87.5,87.5,87.5,87.5,86.58,84.95,84.26,83.74,83.02,83.74,89.7,77.92,85.24
2020/01/05,87.41,87.3,81.7,78.87,78.92,80.76,80.67,80.62,81.9,81.9,81.9,81.61,78.55,80.17,82.54,80.19,80.95,82.89,83.13,83.37,83.37,82.2,82.2,82.31,87.41,78.55,81.95
2020/01/04,83.69,81.58,82.58,81.17,81.17,82.95,83.72,84.6,84.59,84.58,84.55,84.07,79.39,81.09,81.47,83.71,84.02,84.53,84.59,84.02,83.93,83.39,83.84,83.99,84.6,79.39,83.26
2020/01/03,83,81.71,82.6,81.26,81.31,82.6,88.46,88.75,89.04,89.84,87.52,87.47,84.9,85.06,85.35,86.72,87.68,87.76,87.84,87.84,84.22,83.38,82.49,84.07,89.84,81.26,85.63
2020/01/02,80.67,82.6,79.44,79.04,82.6,80.15,82.6,86.65,89.32,89.68,87.93,87.66,86.78,87.44,87.44,87.44,87.48,87.48,87.49,87.49,84.63,84.1,84.1,84.1,89.68,79.04,85.51
2020/01/01,86.2,84.03,82.76,82.52,80.74,81.9,80.95,80.51,82.49,78.4,80.95,78.51,78.53,77.83,78.52,80.95,80.39,81.95,81.95,82.54,82.07,82.13,82.13,83.95,86.2,77.83,81.46
